{"261.jpg49288":{"fileref":"","size":49288,"filename":"261.jpg","base64_img_data":"","file_attributes":{},"regions":{"0":{"shape_attributes":{"name":"polygon","all_points_x":[359,411,540,635,725,1113,752,377,121,371,364,359],"all_points_y":[334,334,334,338,339,552,519,545,537,430,340,334]},"region_attributes":{"name":"street"}},"1":{"shape_attributes":{"name":"polygon","all_points_x":[661,662,741,745,736,685,661],"all_points_y":[213,252,256,208,198,197,213]},"region_attributes":{"name":"sign"}},"2":{"shape_attributes":{"name":"polygon","all_points_x":[828,754,754,825,828],"all_points_y":[63,64,1,3,63]},"region_attributes":{"name":"sign"}}}},"262.jpg117724":{"fileref":"","size":117724,"filename":"262.jpg","base64_img_data":"","file_attributes":{},"regions":{"0":{"shape_attributes":{"name":"polygon","all_points_x":[5,365,783,1057,1272,1279,823,614,514,431,271,507,3,5],"all_points_y":[528,510,547,616,616,421,355,296,289,350,348,289,335,528]},"region_attributes":{"name":"street"}},"1":{"shape_attributes":{"name":"polygon","all_points_x":[796,794,820,827,796],"all_points_y":[171,244,244,172,171]},"region_attributes":{"name":"sign"}},"2":{"shape_attributes":{"name":"polygon","all_points_x":[1231,1231,1269,1268,1231],"all_points_y":[38,67,50,20,38]},"region_attributes":{"name":"sign"}},"3":{"shape_attributes":{"name":"polygon","all_points_x":[336,334,342,360,361,347,334,336],"all_points_y":[255,276,281,283,273,248,263,255]},"region_attributes":{"name":"sign"}},"4":{"shape_attributes":{"name":"polygon","all_points_x":[334,334,344,357,354,334],"all_points_y":[125,138,145,137,121,125]},"region_attributes":{"name":"sign"}}}},"263.jpg103262":{"fileref":"","size":103262,"filename":"263.jpg","base64_img_data":"","file_attributes":{},"regions":{"0":{"shape_attributes":{"name":"polygon","all_points_x":[17,574,946,574,564,377,389,369,369,327,192,191,156,133,89,62,11,17],"all_points_y":[605,562,583,317,411,414,327,336,356,380,372,351,360,489,495,489,507,605]},"region_attributes":{"name":"street"}}}},"264.jpg139894":{"fileref":"","size":139894,"filename":"264.jpg","base64_img_data":"","file_attributes":{},"regions":{"0":{"shape_attributes":{"name":"polygon","all_points_x":[0,289,268,219,210,183,150,74,59,7,5,0],"all_points_y":[620,586,396,397,459,459,440,473,537,569,627,620]},"region_attributes":{"name":"street"}},"1":{"shape_attributes":{"name":"polygon","all_points_x":[743,1079,895,898,879,739,718,743],"all_points_y":[559,573,491,393,410,409,557,559]},"region_attributes":{"name":"street"}},"2":{"shape_attributes":{"name":"polygon","all_points_x":[632,633,695,694,632],"all_points_y":[168,180,184,168,168]},"region_attributes":{"name":"sign"}},"3":{"shape_attributes":{"name":"polygon","all_points_x":[708,707,732,737,736,708],"all_points_y":[173,201,198,180,173,173]},"region_attributes":{"name":"sign"}},"4":{"shape_attributes":{"name":"polygon","all_points_x":[162,158,194,184,162],"all_points_y":[142,171,168,143,142]},"region_attributes":{"name":"sign"}},"5":{"shape_attributes":{"name":"polygon","all_points_x":[105,105,134,135,100,105],"all_points_y":[164,176,179,162,159,164]},"region_attributes":{"name":"sign"}}}},"265.jpg93154":{"fileref":"","size":93154,"filename":"265.jpg","base64_img_data":"","file_attributes":{},"regions":{"0":{"shape_attributes":{"name":"polygon","all_points_x":[89,854,711,721,689,690,553,559,486,485,453,315,311,5,4,101,89],"all_points_y":[591,548,363,304,302,363,361,308,325,364,376,388,361,452,614,594,591]},"region_attributes":{"name":"street"}}}},"266.jpg66948":{"fileref":"","size":66948,"filename":"266.jpg","base64_img_data":"","file_attributes":{},"regions":{"0":{"shape_attributes":{"name":"polygon","all_points_x":[14,606,1269,1268,1145,1086,971,979,807,743,651,532,447,108,170,158,5,14],"all_points_y":[537,514,569,439,459,388,381,311,311,325,283,323,332,321,378,444,482,537]},"region_attributes":{"name":"street"}}}},"267.jpg63559":{"fileref":"","size":63559,"filename":"267.jpg","base64_img_data":"","file_attributes":{},"regions":{"0":{"shape_attributes":{"name":"polygon","all_points_x":[21,589,1139,1082,936,856,842,786,761,761,711,675,481,286,11,21,21],"all_points_y":[526,523,543,422,414,376,342,346,292,281,286,260,302,336,361,518,526]},"region_attributes":{"name":"street"}},"1":{"shape_attributes":{"name":"polygon","all_points_x":[854,854,894,899,854],"all_points_y":[172,227,227,167,172]},"region_attributes":{"name":"sign"}},"2":{"shape_attributes":{"name":"polygon","all_points_x":[757,757,782,785,757],"all_points_y":[137,160,162,134,137]},"region_attributes":{"name":"sign"}}}},"268.jpg85732":{"fileref":"","size":85732,"filename":"268.jpg","base64_img_data":"","file_attributes":{},"regions":{"0":{"shape_attributes":{"name":"polygon","all_points_x":[3,1277,1277,1008,770,740,691,616,126,7,3],"all_points_y":[707,698,446,438,350,344,354,363,477,498,707]},"region_attributes":{"name":"street"}},"1":{"shape_attributes":{"name":"polygon","all_points_x":[503,501,513,514,503],"all_points_y":[265,302,302,267,265]},"region_attributes":{"name":"sign"}},"2":{"shape_attributes":{"name":"polygon","all_points_x":[577,582,597,589,577],"all_points_y":[294,326,321,292,294]},"region_attributes":{"name":"sign"}}}},"269.jpg76549":{"fileref":"","size":76549,"filename":"269.jpg","base64_img_data":"","file_attributes":{},"regions":{"0":{"shape_attributes":{"name":"polygon","all_points_x":[256,1266,740,687,661,256],"all_points_y":[716,714,369,378,373,716]},"region_attributes":{"name":"street"}},"1":{"shape_attributes":{"name":"polygon","all_points_x":[848,850,867,875,871,869,848],"all_points_y":[294,323,325,322,275,272,294]},"region_attributes":{"name":"sign"}}}},"270.jpg80196":{"fileref":"","size":80196,"filename":"270.jpg","base64_img_data":"","file_attributes":{},"regions":{"0":{"shape_attributes":{"name":"polygon","all_points_x":[4,1269,1273,1093,771,785,670,693,628,603,513,541,541,457,156,131,4,4],"all_points_y":[712,716,470,446,356,444,444,372,380,400,407,434,536,591,637,570,622,712]},"region_attributes":{"name":"street"}},"1":{"shape_attributes":{"name":"polygon","all_points_x":[988,990,1020,1020,1007,988],"all_points_y":[219,248,247,218,210,219]},"region_attributes":{"name":"sign"}},"2":{"shape_attributes":{"name":"polygon","all_points_x":[898,895,915,917,898],"all_points_y":[293,314,314,294,293]},"region_attributes":{"name":"sign"}},"3":{"shape_attributes":{"name":"polygon","all_points_x":[108,109,160,160,108],"all_points_y":[277,327,325,277,277]},"region_attributes":{"name":"sign"}},"4":{"shape_attributes":{"name":"polygon","all_points_x":[457,459,484,486,457],"all_points_y":[317,340,335,315,317]},"region_attributes":{"name":"sign"}}}},"271.jpg52502":{"fileref":"","size":52502,"filename":"271.jpg","base64_img_data":"","file_attributes":{},"regions":{"0":{"shape_attributes":{"name":"polygon","all_points_x":[34,972,866,840,790,737,685,672,653,605,602,590,582,564,549,484,489,436,407,407,377,364,357,342,279,175,88,79,22,34],"all_points_y":[682,674,561,576,522,515,477,440,436,435,423,426,430,430,430,440,460,460,472,540,559,548,561,590,576,574,574,603,605,682]},"region_attributes":{"name":"street"}},"1":{"shape_attributes":{"name":"polygon","all_points_x":[718,721,744,750,740,718],"all_points_y":[363,380,381,368,355,363]},"region_attributes":{"name":"sign"}},"2":{"shape_attributes":{"name":"polygon","all_points_x":[344,350,371,367,348,344],"all_points_y":[364,380,380,355,355,364]},"region_attributes":{"name":"sign"}}}},"272.jpg75602":{"fileref":"","size":75602,"filename":"272.jpg","base64_img_data":"","file_attributes":{},"regions":{"0":{"shape_attributes":{"name":"polygon","all_points_x":[9,464,1008,1116,1082,1064,926,917,884,862,863,865,806,764,765,746,725,689,669,629,597,572,557,545,476,470,9],"all_points_y":[561,551,589,622,574,518,478,507,498,446,377,368,367,360,344,344,360,348,367,367,348,347,356,372,367,354,561]},"region_attributes":{"name":"street"}},"1":{"shape_attributes":{"name":"polygon","all_points_x":[769,770,789,790,769],"all_points_y":[240,262,262,242,240]},"region_attributes":{"name":"sign"}},"2":{"shape_attributes":{"name":"polygon","all_points_x":[654,653,677,677,654],"all_points_y":[205,238,238,206,205]},"region_attributes":{"name":"sign"}},"3":{"shape_attributes":{"name":"polygon","all_points_x":[601,612,622,610,601],"all_points_y":[206,197,209,221,206]},"region_attributes":{"name":"sign"}},"4":{"shape_attributes":{"name":"polygon","all_points_x":[534,543,556,545,534],"all_points_y":[208,193,206,216,208]},"region_attributes":{"name":"sign"}},"5":{"shape_attributes":{"name":"polygon","all_points_x":[463,463,484,485,463],"all_points_y":[222,250,244,227,222]},"region_attributes":{"name":"sign"}},"6":{"shape_attributes":{"name":"polygon","all_points_x":[464,484,489,463,464],"all_points_y":[271,275,255,252,271]},"region_attributes":{"name":"sign"}},"7":{"shape_attributes":{"name":"polygon","all_points_x":[422,422,455,456,422],"all_points_y":[243,255,254,240,243]},"region_attributes":{"name":"sign"}}}},"273.jpg120010":{"fileref":"","size":120010,"filename":"273.jpg","base64_img_data":"","file_attributes":{},"regions":{"0":{"shape_attributes":{"name":"polygon","all_points_x":[8,191,198,281,357,421,434,480,485,495,522,539,547,559,562,658,669,892,965,1088,1212,1251,1268,1272,589,263,8,8],"all_points_y":[340,309,325,321,284,283,267,267,248,252,252,239,254,258,317,322,275,390,389,439,480,491,498,540,522,578,666,340]},"region_attributes":{"name":"street"}},"1":{"shape_attributes":{"name":"polygon","all_points_x":[668,666,677,674,668],"all_points_y":[188,218,219,197,188]},"region_attributes":{"name":"sign"}},"2":{"shape_attributes":{"name":"polygon","all_points_x":[409,411,421,423,409],"all_points_y":[205,223,219,201,205]},"region_attributes":{"name":"sign"}}}},"274.jpg118423":{"fileref":"","size":118423,"filename":"274.jpg","base64_img_data":"","file_attributes":{},"regions":{"0":{"shape_attributes":{"name":"polygon","all_points_x":[5,1147,1117,1096,1004,963,953,916,891,848,808,803,782,758,756,704,691,597,594,556,553,503,503,474,407,397,389,283,264,248,221,221,150,63,20,4,12,5],"all_points_y":[712,718,633,610,606,599,623,619,547,566,551,536,536,552,511,514,559,552,534,528,506,520,535,547,541,513,527,528,549,597,597,590,605,633,605,603,707,712]},"region_attributes":{"name":"street"}}}},"275.jpg55852":{"fileref":"","size":55852,"filename":"275.jpg","base64_img_data":"","file_attributes":{},"regions":{"0":{"shape_attributes":{"name":"polygon","all_points_x":[18,493,849,1083,1277,1266,572,4,12,18],"all_points_y":[547,570,649,649,561,444,402,400,548,547]},"region_attributes":{"name":"street"}}}},"276.jpg109280":{"fileref":"","size":109280,"filename":"276.jpg","base64_img_data":"","file_attributes":{},"regions":{"0":{"shape_attributes":{"name":"polygon","all_points_x":[8,393,905,1195,1247,1279,1273,1272,1116,1093,1058,1030,1013,633,635,552,553,544,330,323,296,263,226,223,196,152,114,20,8],"all_points_y":[707,683,683,708,714,714,712,645,602,639,643,629,544,396,442,438,376,367,461,536,551,520,535,585,616,620,578,586,707]},"region_attributes":{"name":"street"}},"1":{"shape_attributes":{"name":"polygon","all_points_x":[917,921,953,954,917],"all_points_y":[218,272,271,212,218]},"region_attributes":{"name":"sign"}},"2":{"shape_attributes":{"name":"polygon","all_points_x":[762,762,785,787,762],"all_points_y":[305,313,315,306,305]},"region_attributes":{"name":"sign"}},"3":{"shape_attributes":{"name":"polygon","all_points_x":[656,653,695,697,656],"all_points_y":[306,323,319,308,306]},"region_attributes":{"name":"sign"}},"4":{"shape_attributes":{"name":"polygon","all_points_x":[794,794,834,834,794],"all_points_y":[301,308,309,300,301]},"region_attributes":{"name":"sign"}}}},"277.jpg100346":{"fileref":"","size":100346,"filename":"277.jpg","base64_img_data":"","file_attributes":{},"regions":{"0":{"shape_attributes":{"name":"polygon","all_points_x":[549,277,213,167,152,116,79,71,30,17,9,9,431,979,1262,1275,1273,573,549],"all_points_y":[381,465,468,489,503,484,491,519,524,505,509,706,679,693,715,704,637,384,381]},"region_attributes":{"name":"street"}}}},"278.jpg110480":{"fileref":"","size":110480,"filename":"278.jpg","base64_img_data":"","file_attributes":{},"regions":{"0":{"shape_attributes":{"name":"polygon","all_points_x":[28,355,681,1137,1251,1264,1262,572,534,14,28],"all_points_y":[690,679,683,699,711,711,649,392,390,528,690]},"region_attributes":{"name":"street"}}}},"279.jpg102201":{"fileref":"","size":102201,"filename":"279.jpg","base64_img_data":"","file_attributes":{},"regions":{"0":{"shape_attributes":{"name":"polygon","all_points_x":[3,468,633,954,1231,1273,1267,1217,1185,1025,995,955,930,828,832,790,729,636,573,539,518,501,491,461,390,390,272,289,89,79,47,45,7,3],"all_points_y":[693,665,670,693,718,712,626,615,573,532,556,551,477,459,560,577,556,564,581,528,515,472,484,456,451,469,464,401,431,505,511,493,503,693]},"region_attributes":{"name":"street"}},"1":{"shape_attributes":{"name":"polygon","all_points_x":[852,857,974,978,840,852],"all_points_y":[242,300,304,244,246,242]},"region_attributes":{"name":"sign"}},"2":{"shape_attributes":{"name":"polygon","all_points_x":[562,569,623,623,562],"all_points_y":[330,354,359,334,330]},"region_attributes":{"name":"sign"}},"3":{"shape_attributes":{"name":"polygon","all_points_x":[348,348,389,385,348],"all_points_y":[360,369,375,360,360]},"region_attributes":{"name":"sign"}}}},"280.jpg137736":{"fileref":"","size":137736,"filename":"280.jpg","base64_img_data":"","file_attributes":{},"regions":{"0":{"shape_attributes":{"name":"polygon","all_points_x":[4,428,570,574,551,537,498,482,478,435,430,389,373,339,214,204,126,124,4,4],"all_points_y":[581,568,565,519,518,402,403,415,434,431,427,432,457,467,477,453,469,490,519,581]},"region_attributes":{"name":"street"}}}},"281.jpg115147":{"fileref":"","size":115147,"filename":"281.jpg","base64_img_data":"","file_attributes":{},"regions":{"0":{"shape_attributes":{"name":"polygon","all_points_x":[13,410,810,886,1264,765,651,572,543,572,553,530,498,476,468,421,419,4,13],"all_points_y":[711,689,710,718,715,424,406,350,360,419,413,396,402,398,413,415,400,461,711]},"region_attributes":{"name":"street"}},"1":{"shape_attributes":{"name":"polygon","all_points_x":[853,853,852,877,878,853],"all_points_y":[344,344,359,360,346,344]},"region_attributes":{"name":"sign"}},"2":{"shape_attributes":{"name":"polygon","all_points_x":[534,531,729,736,534],"all_points_y":[138,214,218,143,138]},"region_attributes":{"name":"sign"}},"3":{"shape_attributes":{"name":"polygon","all_points_x":[11,33,28,42,42,7,11],"all_points_y":[252,265,325,334,344,348,252]},"region_attributes":{"name":"sign"}}}},"282.jpg147911":{"fileref":"","size":147911,"filename":"282.jpg","base64_img_data":"","file_attributes":{},"regions":{"0":{"shape_attributes":{"name":"polygon","all_points_x":[26,448,777,1269,1272,547,553,531,509,147,76,76,59,39,1,4,35,26],"all_points_y":[700,686,711,716,681,421,556,556,573,565,568,537,523,477,486,707,702,700]},"region_attributes":{"name":"street"}},"1":{"shape_attributes":{"name":"polygon","all_points_x":[691,695,711,711,731,733,708,716,702,699,691],"all_points_y":[277,327,327,332,332,279,281,252,252,272,277]},"region_attributes":{"name":"sign"}}}},"283.jpg61212":{"fileref":"","size":61212,"filename":"283.jpg","base64_img_data":"","file_attributes":{},"regions":{"0":{"shape_attributes":{"name":"polygon","all_points_x":[14,689,1059,1268,1269,695,668,657,643,643,581,577,557,511,491,493,465,363,348,16,14],"all_points_y":[552,556,614,632,499,344,348,325,330,355,352,326,332,340,346,377,394,394,384,446,552]},"region_attributes":{"name":"street"}}}},"284.jpg101166":{"fileref":"","size":101166,"filename":"284.jpg","base64_img_data":"","file_attributes":{},"regions":{"0":{"shape_attributes":{"name":"polygon","all_points_x":[5,1272,1269,1191,1185,980,978,970,970,754,754,740,740,685,683,664,656,643,616,653,656,640,590,585,435,419,363,392,418,372,356,338,326,256,87,33,7,5],"all_points_y":[716,716,518,507,464,452,468,468,444,430,443,443,427,426,443,439,469,418,413,510,578,598,597,582,591,610,605,443,388,397,430,428,465,495,482,428,438,716]},"region_attributes":{"name":"street"}},"1":{"shape_attributes":{"name":"polygon","all_points_x":[976,963,966,986,999,976],"all_points_y":[369,381,398,414,390,369]},"region_attributes":{"name":"sign"}},"2":{"shape_attributes":{"name":"polygon","all_points_x":[719,716,815,811,719],"all_points_y":[283,318,314,279,283]},"region_attributes":{"name":"sign"}},"3":{"shape_attributes":{"name":"polygon","all_points_x":[1034,1036,1096,1099,1034],"all_points_y":[350,401,407,351,350]},"region_attributes":{"name":"sign"}},"4":{"shape_attributes":{"name":"polygon","all_points_x":[1255,1250,1275,1276,1255],"all_points_y":[356,415,418,356,356]},"region_attributes":{"name":"sign"}},"5":{"shape_attributes":{"name":"polygon","all_points_x":[665,643,649,682,686,665],"all_points_y":[263,298,325,331,309,263]},"region_attributes":{"name":"sign"}},"6":{"shape_attributes":{"name":"polygon","all_points_x":[573,574,594,602,594,573],"all_points_y":[350,368,373,356,343,350]},"region_attributes":{"name":"sign"}},"7":{"shape_attributes":{"name":"polygon","all_points_x":[409,480,478,426,409],"all_points_y":[240,246,280,281,240]},"region_attributes":{"name":"sign"}},"8":{"shape_attributes":{"name":"polygon","all_points_x":[477,556,552,484,476,477],"all_points_y":[310,310,276,284,317,310]},"region_attributes":{"name":"sign"}}}},"285.jpg117447":{"fileref":"","size":117447,"filename":"285.jpg","base64_img_data":"","file_attributes":{},"regions":{"0":{"shape_attributes":{"name":"polygon","all_points_x":[13,288,660,996,1272,1268,1015,875,863,778,769,687,657,631,626,489,484,7,5,13],"all_points_y":[714,700,672,695,674,626,622,565,468,470,485,486,469,468,505,513,440,572,706,714]},"region_attributes":{"name":"street"}},"1":{"shape_attributes":{"name":"polygon","all_points_x":[518,520,802,796,752,752,735,733,677,679,524,518],"all_points_y":[288,347,348,293,294,298,300,290,290,294,290,288]},"region_attributes":{"name":"sign"}}}},"286.jpg156845":{"fileref":"","size":156845,"filename":"286.jpg","base64_img_data":"","file_attributes":{},"regions":{"0":{"shape_attributes":{"name":"polygon","all_points_x":[12,201,745,1273,757,656,641,628,562,338,9,12],"all_points_y":[708,712,679,678,481,482,439,440,443,494,590,708]},"region_attributes":{"name":"street"}},"1":{"shape_attributes":{"name":"polygon","all_points_x":[942,946,986,983,942],"all_points_y":[242,269,260,234,242]},"region_attributes":{"name":"sign"}}}},"287.jpg164483":{"fileref":"","size":164483,"filename":"287.jpg","base64_img_data":"","file_attributes":{},"regions":{"0":{"shape_attributes":{"name":"polygon","all_points_x":[5,181,378,912,1275,1273,946,744,675,668,633,614,612,505,505,364,396,314,314,290,225,216,146,5,5],"all_points_y":[591,573,539,547,618,547,418,409,360,342,351,321,290,254,346,340,237,258,288,305,305,342,372,388,591]},"region_attributes":{"name":"street"}},"1":{"shape_attributes":{"name":"polygon","all_points_x":[723,723,762,770,723],"all_points_y":[162,180,184,172,162]},"region_attributes":{"name":"sign"}},"2":{"shape_attributes":{"name":"polygon","all_points_x":[749,750,779,775,749],"all_points_y":[188,194,198,189,188]},"region_attributes":{"name":"sign"}},"3":{"shape_attributes":{"name":"polygon","all_points_x":[138,135,167,171,138],"all_points_y":[170,180,183,175,170]},"region_attributes":{"name":"sign"}}}},"288.jpg117752":{"fileref":"","size":117752,"filename":"288.jpg","base64_img_data":"","file_attributes":{},"regions":{"0":{"shape_attributes":{"name":"polygon","all_points_x":[8,490,1015,1260,1220,1276,1275,761,725,682,647,631,585,547,548,535,527,498,498,486,432,419,407,325,301,233,133,8,7,8],"all_points_y":[547,535,581,632,591,585,523,493,473,473,444,414,403,381,350,354,348,352,402,402,402,378,389,390,406,400,418,411,539,547]},"region_attributes":{"name":"street"}},"1":{"shape_attributes":{"name":"polygon","all_points_x":[858,858,902,896,846,858],"all_points_y":[235,256,254,229,237,235]},"region_attributes":{"name":"sign"}},"2":{"shape_attributes":{"name":"polygon","all_points_x":[5,25,18,4,5],"all_points_y":[93,105,301,293,93]},"region_attributes":{"name":"sign"}}}},"289.jpg100967":{"fileref":"","size":100967,"filename":"289.jpg","base64_img_data":"","file_attributes":{},"regions":{"0":{"shape_attributes":{"name":"polygon","all_points_x":[21,585,1255,1268,837,794,704,218,5,21],"all_points_y":[534,515,559,459,369,375,359,431,449,534]},"region_attributes":{"name":"street"}}}},"290.jpg55665":{"fileref":"","size":55665,"filename":"290.jpg","base64_img_data":"","file_attributes":{},"regions":{"0":{"shape_attributes":{"name":"polygon","all_points_x":[11,528,1213,1264,1252,515,494,467,426,9,11],"all_points_y":[510,491,552,562,518,247,256,258,258,390,510]},"region_attributes":{"name":"street"}},"1":{"shape_attributes":{"name":"polygon","all_points_x":[746,740,749,794,796,725,746],"all_points_y":[202,198,239,231,197,196,202]},"region_attributes":{"name":"sign"}},"2":{"shape_attributes":{"name":"polygon","all_points_x":[770,771,836,837,770],"all_points_y":[149,177,173,147,149]},"region_attributes":{"name":"sign"}},"3":{"shape_attributes":{"name":"polygon","all_points_x":[719,723,754,754,719],"all_points_y":[130,187,187,130,130]},"region_attributes":{"name":"sign"}},"4":{"shape_attributes":{"name":"polygon","all_points_x":[216,219,251,255,216],"all_points_y":[105,160,159,109,105]},"region_attributes":{"name":"sign"}}}},"291.jpg51249":{"fileref":"","size":51249,"filename":"291.jpg","base64_img_data":"","file_attributes":{},"regions":{"0":{"shape_attributes":{"name":"polygon","all_points_x":[14,536,1078,1243,899,811,614,578,510,477,382,375,350,327,322,226,223,12,14],"all_points_y":[511,481,518,557,384,267,272,298,263,246,247,265,263,264,289,290,246,254,511]},"region_attributes":{"name":"street"}},"1":{"shape_attributes":{"name":"polygon","all_points_x":[582,583,608,603,582],"all_points_y":[137,180,181,139,137]},"region_attributes":{"name":"sign"}},"2":{"shape_attributes":{"name":"polygon","all_points_x":[653,654,675,678,653],"all_points_y":[194,208,209,197,194]},"region_attributes":{"name":"sign"}},"3":{"shape_attributes":{"name":"polygon","all_points_x":[566,560,562,573,582,589,589,566],"all_points_y":[234,240,258,264,260,246,235,234]},"region_attributes":{"name":"sign"}}}},"292.jpg118609":{"fileref":"","size":118609,"filename":"292.jpg","base64_img_data":"","file_attributes":{},"regions":{"0":{"shape_attributes":{"name":"polygon","all_points_x":[7,286,899,1238,1266,1268,753,753,606,610,582,536,534,518,459,440,5,9,7],"all_points_y":[549,472,446,480,486,388,200,315,308,191,196,200,227,243,243,206,296,541,549]},"region_attributes":{"name":"street"}}}},"293.jpg113821":{"fileref":"","size":113821,"filename":"293.jpg","base64_img_data":"","file_attributes":{},"regions":{}},"294.jpg158014":{"fileref":"","size":158014,"filename":"294.jpg","base64_img_data":"","file_attributes":{},"regions":{"0":{"shape_attributes":{"name":"polygon","all_points_x":[8,564,953,1267,651,549,543,520,503,484,477,219,217,206,192,84,3,8],"all_points_y":[587,589,622,700,430,430,400,401,467,461,556,562,456,457,489,524,505,587]},"region_attributes":{"name":"street"}},"1":{"shape_attributes":{"name":"polygon","all_points_x":[811,811,875,874,811],"all_points_y":[219,283,277,210,219]},"region_attributes":{"name":"sign"}}}},"295.jpg60071":{"fileref":"","size":60071,"filename":"295.jpg","base64_img_data":"","file_attributes":{},"regions":{"0":{"shape_attributes":{"name":"polygon","all_points_x":[8,334,438,1248,476,394,318,293,286,240,3,8],"all_points_y":[643,632,585,624,360,363,318,310,323,330,491,643]},"region_attributes":{"name":"street"}}}},"296.jpg145879":{"fileref":"","size":145879,"filename":"296.jpg","base64_img_data":"","file_attributes":{},"regions":{"0":{"shape_attributes":{"name":"polygon","all_points_x":[3,506,967,1179,1272,1276,891,905,887,879,828,824,656,643,580,555,548,280,276,251,247,166,155,97,87,83,60,62,5,18,80,87,9,9,3],"all_points_y":[649,599,622,649,690,375,397,464,491,511,511,503,519,543,537,440,406,417,413,401,386,406,473,476,455,478,469,442,447,513,543,561,601,645,649]},"region_attributes":{"name":"street"}},"1":{"shape_attributes":{"name":"polygon","all_points_x":[311,304,321,331,309,311],"all_points_y":[283,306,323,289,276,283]},"region_attributes":{"name":"sign"}},"2":{"shape_attributes":{"name":"polygon","all_points_x":[34,24,42,51,34],"all_points_y":[306,331,344,325,306]},"region_attributes":{"name":"sign"}}}},"297.jpg175795":{"fileref":"","size":175795,"filename":"297.jpg","base64_img_data":"","file_attributes":{},"regions":{"0":{"shape_attributes":{"name":"polygon","all_points_x":[577,1104,1227,1272,1268,1222,1197,1036,1009,991,945,577],"all_points_y":[573,602,598,610,503,509,484,455,470,464,410,573]},"region_attributes":{"name":"street"}},"1":{"shape_attributes":{"name":"polygon","all_points_x":[9,970,966,921,909,878,873,852,841,816,812,765,752,728,727,668,664,590,574,557,548,488,292,277,193,9,9],"all_points_y":[544,352,343,340,356,357,352,356,368,367,356,356,372,368,351,338,351,364,396,405,415,415,457,484,484,461,544]},"region_attributes":{"name":"street"}}}},"298.jpg123883":{"fileref":"","size":123883,"filename":"298.jpg","base64_img_data":"","file_attributes":{},"regions":{"0":{"shape_attributes":{"name":"polygon","all_points_x":[18,587,631,691,700,749,794,829,913,920,1269,1266,1100,1086,1013,1009,954,820,820,783,766,721,729,686,651,585,545,543,502,494,468,486,468,430,371,348,322,301,272,272,0,18],"all_points_y":[620,626,569,601,540,536,601,557,607,654,686,618,562,581,569,545,537,548,510,501,513,499,443,436,424,423,398,407,406,393,400,436,467,461,457,468,449,457,453,417,427,620]},"region_attributes":{"name":"street"}},"1":{"shape_attributes":{"name":"polygon","all_points_x":[907,909,944,944,907],"all_points_y":[194,214,197,183,194]},"region_attributes":{"name":"sign"}},"2":{"shape_attributes":{"name":"polygon","all_points_x":[871,873,933,933,871],"all_points_y":[263,280,288,272,263]},"region_attributes":{"name":"sign"}},"3":{"shape_attributes":{"name":"polygon","all_points_x":[193,196,230,229,193],"all_points_y":[294,311,310,292,294]},"region_attributes":{"name":"sign"}}}},"299.jpg190124":{"fileref":"","size":190124,"filename":"299.jpg","base64_img_data":"","file_attributes":{},"regions":{"0":{"shape_attributes":{"name":"polygon","all_points_x":[17,593,626,691,728,789,812,836,866,941,1145,1243,1272,1267,1093,1063,1011,995,896,871,853,815,710,570,559,436,439,233,223,81,12,17],"all_points_y":[620,632,585,587,527,553,602,568,568,661,699,715,712,673,651,653,636,603,560,572,507,485,476,407,472,465,405,434,498,547,527,620]},"region_attributes":{"name":"street"}}}},"300.jpg96421":{"fileref":"","size":96421,"filename":"300.jpg","base64_img_data":"","file_attributes":{},"regions":{"0":{"shape_attributes":{"name":"polygon","all_points_x":[4,244,777,1266,1264,770,665,614,580,564,398,388,365,348,314,314,309,251,242,121,9,4],"all_points_y":[686,647,607,601,557,397,405,367,360,428,428,342,330,360,382,382,389,421,443,505,486,686]},"region_attributes":{"name":"street"}}}}}